distance,status,duration,fuel_consumed,percentage,datetime
4,3,23,0.0,99,2025-03-03 05:56:28.865411+00:00
13,3,1,0.0,98,2025-03-03 06:02:21.687885+00:00
70,3,9,56.0,91,2025-03-03 06:02:34.199514+00:00
519,2,169,79.0,39,2025-03-03 06:46:34.028505+00:00
105,3,188,0.0,87,2025-03-03 06:46:42.904217+00:00
602,2,197,496.0,30,2025-03-03 06:46:50.503054+00:00
104,3,204,0.0,87,2025-03-03 06:46:57.608583+00:00
101,3,211,0.0,88,2025-03-03 06:47:04.844632+00:00
6,3,218,0.0,99,2025-03-03 06:47:12.140227+00:00
1002,0,2,0.0,0,2025-03-03 23:56:17.808989+00:00
605,2,13,0.0,29,2025-03-03 23:56:25.529007+00:00
517,2,20,0.0,40,2025-03-03 23:56:33.322588+00:00
5,2,226,0.0,99,2025-03-03 06:47:19.202933+00:00
10,3,28,0.0,98,2025-03-03 23:56:40.524949+00:00
4,3,35,0.0,99,2025-03-03 23:56:48.325801+00:00
221,3,43,217.0,74,2025-03-03 23:56:56.049007+00:00
110,3,51,0.0,87,2025-03-03 23:57:03.309869+00:00
16,3,58,0.0,98,2025-03-03 23:57:10.667042+00:00
731,1,66,714.0,15,2025-03-03 23:57:18.443800+00:00
588,2,73,0.0,31,2025-03-03 23:57:26.125505+00:00
110,3,1,0.0,87,2025-03-04 00:07:07.711109+00:00
277,3,19,62.0,67,2025-03-04 00:07:25.312330+00:00
8,3,1,0.0,99,2025-03-04 03:57:40.612407+00:00
6,3,9,0.0,99,2025-03-04 03:57:50.449664+00:00
304,3,52,297.0,64,2025-03-04 03:58:32.689497+00:00
617,2,62,313.0,28,2025-03-04 03:58:42.149948+00:00
682,1,71,65.0,20,2025-03-04 03:58:51.965338+00:00
359,3,81,0.0,58,2025-03-04 03:59:00.997832+00:00
689,1,90,330.0,20,2025-03-04 03:59:10.124485+00:00
282,3,132,0.0,67,2025-03-04 03:59:51.678832+00:00
768,1,141,486.0,10,2025-03-04 03:59:59.439923+00:00
532,2,149,0.0,38,2025-03-04 04:00:07.102004+00:00
530,2,156,0.0,38,2025-03-04 04:00:19.005720+00:00
452,2,168,0.0,47,2025-03-04 04:00:27.928378+00:00
508,2,177,55.0,41,2025-03-04 04:00:36.855716+00:00
769,1,1,79.0,10,2025-03-04 04:33:30.542150+00:00
689,1,19,0.0,20,2025-03-04 04:33:40.650952+00:00
8,3,29,0.0,98,2025-03-04 04:33:50.448165+00:00
6,3,38,0.0,99,2025-03-04 04:33:59.366020+00:00
7,3,47,0.0,99,2025-03-04 04:34:08.334546+00:00
74,3,56,67.0,91,2025-03-04 04:34:17.152623+00:00
82,3,65,8.0,90,2025-03-04 04:34:26.850741+00:00
90,3,70,16.0,93,2025-03-04 07:10:17.734964+00:00
355,3,128,242.0,58,2025-03-05 01:47:55.876316+00:00
179,3,136,0.0,79,2025-03-05 01:48:03.466775+00:00
465,2,143,285.0,46,2025-03-05 01:48:12.242249+00:00
521,2,152,56.0,39,2025-03-05 01:48:20.583256+00:00
113,3,160,0.0,86,2025-03-05 01:48:29.628897+00:00
113,3,169,0.0,86,2025-03-05 01:48:38.854339+00:00
113,3,178,0.0,86,2025-03-05 01:48:47.932493+00:00
112,3,187,0.0,86,2025-03-05 01:48:57.741409+00:00
113,3,197,0.0,86,2025-03-05 01:49:06.396162+00:00
112,3,206,0.0,86,2025-03-05 01:49:15.756427+00:00
113,3,215,0.0,86,2025-03-05 01:49:24.513373+00:00
112,3,224,0.0,86,2025-03-05 01:49:33.782427+00:00
111,3,233,0.0,87,2025-03-05 01:49:40.989413+00:00
122,3,241,11.0,85,2025-03-05 01:49:50.626018+00:00
105,3,250,0.0,87,2025-03-05 01:49:59.601529+00:00
114,3,259,9.0,86,2025-03-05 01:50:09.156028+00:00
112,3,269,0.0,86,2025-03-05 01:50:17.766623+00:00
111,3,277,0.0,87,2025-03-05 01:50:26.750335+00:00
112,3,286,0.0,86,2025-03-05 01:50:35.773982+00:00
112,3,295,0.0,86,2025-03-05 01:50:44.879475+00:00
112,3,304,0.0,86,2025-03-05 01:50:54.042524+00:00
112,3,314,0.0,87,2025-03-05 01:51:03.412564+00:00
112,3,323,0.0,86,2025-03-05 01:51:12.775448+00:00
112,3,332,0.0,87,2025-03-05 01:51:21.502472+00:00
113,3,341,1.0,86,2025-03-05 01:51:28.857082+00:00
112,3,348,0.0,86,2025-03-05 01:51:36.242296+00:00
112,3,357,0.0,86,2025-03-05 01:51:44.476000+00:00
112,3,364,0.0,86,2025-03-05 01:51:52.449342+00:00
206,3,372,93.0,76,2025-03-05 01:51:59.783431+00:00
433,2,380,226.0,49,2025-03-05 01:52:07.583616+00:00
9,3,387,0.0,98,2025-03-05 01:52:14.819348+00:00
112,3,1,0.0,86,2025-03-05 01:52:49.544472+00:00
112,3,10,0.0,86,2025-03-05 01:52:58.713437+00:00
110,3,1,0.0,87,2025-03-05 02:59:30.911168+00:00
6,3,15,0.0,99,2025-03-05 02:59:39.569761+00:00
9,3,23,2.0,98,2025-03-05 02:59:51.505317+00:00
111,3,35,102.0,87,2025-03-05 03:00:00.529992+00:00
110,3,44,0.0,87,2025-03-05 03:00:09.201085+00:00
111,3,53,0.0,87,2025-03-05 03:00:17.965202+00:00
111,3,62,0.0,87,2025-03-05 03:00:26.769449+00:00
111,3,70,0.0,87,2025-03-05 03:00:35.409731+00:00
115,3,1,2.0,86,2025-03-05 03:02:00.549159+00:00
111,3,10,0.0,87,2025-03-05 03:02:09.219548+00:00
111,3,19,0.0,87,2025-03-05 03:02:17.767468+00:00
110,3,28,0.0,87,2025-03-05 03:02:26.943384+00:00
112,3,37,1.0,86,2025-03-05 03:02:35.992148+00:00
111,3,46,0.0,87,2025-03-05 03:02:44.460036+00:00
141,3,1,30.0,83,2025-03-05 03:03:05.982825+00:00
111,3,1,0.0,87,2025-03-05 03:04:00.130813+00:00
112,3,1,1.0,86,2025-03-05 03:04:30.218698+00:00
111,3,1,0.0,87,2025-03-05 03:04:40.942682+00:00
110,3,905,0.0,87,2025-03-05 03:19:52.365170+00:00
111,3,1816,0.0,87,2025-03-05 03:35:01.886943+00:00
109,3,2726,0.0,87,2025-03-05 03:50:12.940226+00:00
110,3,3637,0.0,87,2025-03-05 04:05:21.315353+00:00
110,3,4545,0.0,87,2025-03-05 04:20:30.760738+00:00
109,3,5454,0.0,87,2025-03-05 04:35:39.347125+00:00
110,3,6363,0.0,87,2025-03-05 04:50:47.551048+00:00
109,3,7271,0.0,87,2025-03-05 05:05:56.983597+00:00
111,3,10002,108.0,87,2025-03-05 05:51:26.774675+00:00
111,3,10910,0.0,87,2025-03-05 06:06:35.139118+00:00
111,3,11819,0.0,87,2025-03-05 06:21:44.089041+00:00
110,3,12728,0.0,87,2025-03-05 06:36:52.463215+00:00
110,3,13636,0.0,87,2025-03-05 06:52:00.868697+00:00
111,3,14544,0.0,87,2025-03-05 07:07:09.163799+00:00
111,3,15453,0.0,87,2025-03-05 07:22:18.763462+00:00
110,3,16362,0.0,87,2025-03-05 07:37:27.556916+00:00
111,3,17271,1.0,87,2025-03-05 07:52:37.184516+00:00
111,3,18181,0.0,87,2025-03-05 08:07:45.982505+00:00
110,3,19090,0.0,87,2025-03-05 08:22:54.946984+00:00
109,3,19998,0.0,87,2025-03-05 08:38:03.860387+00:00
110,3,20907,1.0,87,2025-03-05 08:53:12.359595+00:00
110,3,21816,0.0,87,2025-03-05 09:08:20.964017+00:00
110,3,22724,0.0,87,2025-03-05 09:23:30.271591+00:00
110,3,23634,0.0,87,2025-03-05 09:38:39.006656+00:00
110,3,24543,0.0,87,2025-03-05 09:53:47.593905+00:00
110,3,25451,0.0,87,2025-03-05 10:08:59.600647+00:00
110,3,26363,0.0,87,2025-03-05 10:24:08.238155+00:00
110,3,27272,0.0,87,2025-03-05 10:39:16.885865+00:00
110,3,28180,0.0,87,2025-03-05 10:54:25.062633+00:00
110,3,29089,0.0,87,2025-03-05 11:09:33.723803+00:00
110,3,29997,0.0,87,2025-03-05 11:24:42.404697+00:00
110,3,30906,0.0,87,2025-03-05 11:39:51.520712+00:00
110,3,31815,0.0,87,2025-03-05 11:55:00.464043+00:00
111,3,32724,0.0,87,2025-03-05 12:10:09.994171+00:00
110,3,33634,0.0,87,2025-03-05 12:25:19.001796+00:00
111,3,34543,0.0,87,2025-03-05 12:40:28.222935+00:00
110,3,35452,0.0,87,2025-03-05 12:55:35.905873+00:00
110,3,36359,0.0,87,2025-03-05 13:10:45.452165+00:00
110,3,37269,0.0,87,2025-03-05 13:25:54.291737+00:00
111,3,38178,0.0,87,2025-03-05 13:41:03.264319+00:00
110,3,39087,0.0,87,2025-03-05 13:56:12.619465+00:00
110,3,39996,0.0,87,2025-03-05 14:11:21.781777+00:00
110,3,40905,0.0,87,2025-03-05 14:26:31.486993+00:00
110,3,41815,0.0,87,2025-03-05 14:41:40.419506+00:00
110,3,42724,0.0,87,2025-03-05 14:56:49.645573+00:00
110,3,43633,0.0,87,2025-03-05 15:11:59.143029+00:00
120,3,44543,9.0,86,2025-03-05 15:27:08.394667+00:00
110,3,45452,0.0,87,2025-03-05 15:42:17.911054+00:00
109,3,46361,0.0,87,2025-03-05 15:57:27.260076+00:00
110,3,47271,0.0,87,2025-03-05 16:12:36.543347+00:00
120,3,48180,10.0,85,2025-03-05 16:27:48.602189+00:00
122,3,49092,1.0,85,2025-03-05 16:42:57.931296+00:00
111,3,50001,0.0,87,2025-03-05 16:58:07.807529+00:00
112,3,50911,0.0,87,2025-03-05 17:13:16.532436+00:00
120,3,51820,8.0,86,2025-03-05 17:28:25.865567+00:00
110,3,52729,0.0,87,2025-03-05 17:43:35.850982+00:00
111,3,53639,0.0,87,2025-03-05 17:58:44.913461+00:00
114,3,54548,2.0,86,2025-03-05 18:13:54.222663+00:00
115,3,55458,0.0,86,2025-03-05 18:29:03.423788+00:00
111,3,56367,0.0,87,2025-03-05 18:44:12.077520+00:00
112,3,57275,0.0,87,2025-03-05 18:59:23.115519+00:00
111,3,58187,0.0,87,2025-03-05 19:14:31.976723+00:00
111,3,60020,0.0,87,2025-03-05 19:45:06.445499+00:00
122,3,60930,11.0,85,2025-03-05 20:00:15.119889+00:00
111,3,61839,0.0,87,2025-03-05 20:15:24.339566+00:00
111,3,62748,0.0,87,2025-03-05 20:30:33.709803+00:00
122,3,63657,10.0,85,2025-03-05 20:45:46.143817+00:00
111,3,64570,0.0,87,2025-03-05 21:00:55.039681+00:00
134,3,65478,23.0,84,2025-03-05 21:16:04.028417+00:00
111,3,66387,0.0,87,2025-03-05 21:31:12.879768+00:00
111,3,67296,0.0,87,2025-03-05 21:46:24.849168+00:00
123,3,68208,11.0,85,2025-03-05 22:01:36.864185+00:00
143,3,69120,20.0,83,2025-03-05 22:16:47.634478+00:00
123,3,70031,0.0,85,2025-03-05 22:31:59.270413+00:00
112,3,70943,0.0,86,2025-03-05 22:47:08.758020+00:00
112,3,72777,0.0,86,2025-03-05 23:17:51.332977+00:00
112,3,73695,0.0,86,2025-03-05 23:33:00.885552+00:00
113,3,75535,0.0,86,2025-03-06 00:03:39.922851+00:00
113,3,76443,0.0,86,2025-03-06 00:18:49.021051+00:00
113,3,77352,0.0,86,2025-03-06 00:33:57.907385+00:00
112,3,78261,0.0,86,2025-03-06 00:49:06.213216+00:00
113,3,79170,0.0,86,2025-03-06 01:04:14.812966+00:00
112,3,80078,0.0,87,2025-03-06 01:19:23.614571+00:00
705,1,142304,0.0,18,2025-03-06 18:36:30.050965+00:00
630,2,143213,0.0,26,2025-03-06 18:51:40.467095+00:00
113,3,80987,0.0,86,2025-03-06 01:34:32.191406+00:00
112,3,82815,0.0,86,2025-03-06 02:05:03.078788+00:00
112,3,83726,0.0,86,2025-03-06 02:20:11.637621+00:00
112,3,87504,0.0,87,2025-03-06 03:23:09.921910+00:00
111,3,89357,0.0,87,2025-03-06 03:54:03.170581+00:00
112,3,90266,0.0,86,2025-03-06 04:09:12.359708+00:00
112,3,91176,0.0,87,2025-03-06 04:24:21.278094+00:00
112,3,92084,0.0,87,2025-03-06 04:39:31.058771+00:00
111,3,92994,0.0,87,2025-03-06 04:54:40.037211+00:00
111,3,93903,0.0,87,2025-03-06 05:09:50.516614+00:00
112,3,94814,0.0,87,2025-03-06 05:24:59.017543+00:00
114,3,95722,2.0,86,2025-03-06 05:40:10.727890+00:00
116,3,96634,1.0,86,2025-03-06 05:55:24.093985+00:00
125,3,98467,8.0,85,2025-03-06 06:25:54.607262+00:00
167,3,99380,42.0,80,2025-03-06 06:41:05.822583+00:00
713,1,100289,545.0,17,2025-03-06 06:56:14.541810+00:00
297,3,101198,0.0,65,2025-03-06 07:11:23.345926+00:00
1003,0,102107,706.0,0,2025-03-06 07:26:32.632032+00:00
478,2,103016,0.0,44,2025-03-06 07:41:42.102094+00:00
329,3,103925,0.0,61,2025-03-06 07:56:51.280961+00:00
628,2,104835,299.0,27,2025-03-06 08:12:00.012429+00:00
853,1,105744,225.0,1,2025-03-06 08:27:09.420914+00:00
854,1,107582,225.0,0,2025-03-06 08:57:50.498968+00:00
703,1,109414,0.0,18,2025-03-06 09:28:20.107993+00:00
552,2,110323,0.0,35,2025-03-06 09:43:29.025742+00:00
1002,0,111233,449.0,0,2025-03-06 09:58:38.295970+00:00
405,3,112142,0.0,53,2025-03-06 10:13:48.643258+00:00
629,2,113052,223.0,27,2025-03-06 10:28:57.877082+00:00
703,1,113961,73.0,18,2025-03-06 10:44:09.439927+00:00
628,2,114873,0.0,27,2025-03-06 10:59:18.776756+00:00
332,3,115782,0.0,61,2025-03-06 11:14:30.687836+00:00
628,2,117614,73.0,27,2025-03-06 11:45:02.046321+00:00
554,2,118525,0.0,35,2025-03-06 12:00:12.573197+00:00
704,1,119436,150.0,18,2025-03-06 12:15:21.408891+00:00
925,0,120345,221.0,0,2025-03-06 12:30:30.539780+00:00
778,1,121254,0.0,9,2025-03-06 12:45:43.209104+00:00
776,1,122167,0.0,9,2025-03-06 13:00:52.978733+00:00
333,3,123076,0.0,61,2025-03-06 13:16:02.091927+00:00
259,3,123985,0.0,69,2025-03-06 13:31:13.977395+00:00
925,0,124897,666.0,0,2025-03-06 13:46:22.908673+00:00
555,2,125806,0.0,35,2025-03-06 14:01:34.919606+00:00
704,1,126718,148.0,18,2025-03-06 14:16:46.114983+00:00
779,1,127630,75.0,9,2025-03-06 14:31:57.341844+00:00
333,3,128540,0.0,61,2025-03-06 14:47:08.548444+00:00
924,0,129452,591.0,0,2025-03-06 15:02:20.551543+00:00
481,2,130364,0.0,44,2025-03-06 15:17:28.935786+00:00
556,2,132299,0.0,35,2025-03-06 15:49:44.275476+00:00
704,1,133208,148.0,18,2025-03-06 16:04:53.195428+00:00
705,1,134117,0.0,18,2025-03-06 16:20:02.011453+00:00
851,1,135025,146.0,1,2025-03-06 16:35:11.600865+00:00
925,0,135935,74.0,0,2025-03-06 16:50:20.668836+00:00
332,3,136844,0.0,61,2025-03-06 17:05:31.092764+00:00
481,2,137754,148.0,44,2025-03-06 17:20:40.933396+00:00
630,2,138664,149.0,26,2025-03-06 17:35:50.183686+00:00
555,2,139573,0.0,35,2025-03-06 17:50:59.334964+00:00
406,3,140483,0.0,52,2025-03-06 18:06:10.072861+00:00
705,1,141393,298.0,18,2025-03-06 18:21:20.436057+00:00
705,1,144124,74.0,18,2025-03-06 19:06:49.882925+00:00
258,3,145033,0.0,70,2025-03-06 19:21:58.749661+00:00
776,1,145942,518.0,9,2025-03-06 19:37:08.295678+00:00
482,2,146851,0.0,44,2025-03-06 19:52:19.566400+00:00
408,3,147763,0.0,52,2025-03-06 20:07:29.585601+00:00
630,2,148673,222.0,26,2025-03-06 20:22:38.735646+00:00
702,1,149582,71.0,18,2025-03-06 20:37:48.752404+00:00
630,2,150492,0.0,26,2025-03-06 20:53:00.916985+00:00
630,2,151404,0.0,26,2025-03-06 21:08:12.561600+00:00
702,1,152316,71.0,18,2025-03-06 21:23:21.956007+00:00
555,2,153225,0.0,35,2025-03-06 21:38:34.505809+00:00
779,1,154138,223.0,9,2025-03-06 21:53:46.686637+00:00
630,2,155050,0.0,26,2025-03-06 22:08:55.813225+00:00
998,0,155959,368.0,0,2025-03-06 22:24:05.189722+00:00
628,2,156868,0.0,27,2025-03-06 22:39:15.951379+00:00
924,0,157779,295.0,0,2025-03-06 22:54:26.775828+00:00
999,0,158690,74.0,0,2025-03-06 23:09:35.981254+00:00
333,3,160511,0.0,61,2025-03-06 23:39:57.147736+00:00
999,0,161421,665.0,0,2025-03-06 23:55:06.627187+00:00
999,0,162330,0.0,0,2025-03-07 00:10:16.191939+00:00
406,3,163239,0.0,52,2025-03-07 00:25:27.572679+00:00
481,2,164151,75.0,44,2025-03-07 00:40:36.986101+00:00
1000,0,165060,518.0,0,2025-03-07 00:55:48.321615+00:00
1000,0,165972,0.0,0,2025-03-07 01:10:59.743938+00:00
481,2,167807,148.0,44,2025-03-07 01:41:35.109004+00:00
703,1,168718,221.0,18,2025-03-07 01:56:46.168819+00:00
628,2,169629,0.0,27,2025-03-07 02:11:56.963923+00:00
703,1,170540,74.0,18,2025-03-07 02:27:09.306670+00:00
778,1,171453,74.0,9,2025-03-07 02:42:17.641160+00:00
776,1,173281,371.0,9,2025-03-07 03:12:47.124955+00:00
553,2,175103,223.0,35,2025-03-07 03:43:09.429850+00:00
478,2,176012,0.0,44,2025-03-07 03:58:16.374818+00:00
329,3,176919,0.0,61,2025-03-07 04:13:25.734079+00:00
702,1,177829,373.0,18,2025-03-07 04:28:36.387302+00:00
254,3,178739,0.0,70,2025-03-07 04:43:45.834323+00:00
1004,0,179649,749.0,0,2025-03-07 04:58:55.404406+00:00
705,1,180559,0.0,18,2025-03-07 05:14:04.684133+00:00
478,2,181468,0.0,44,2025-03-07 05:29:15.200681+00:00
404,3,182378,0.0,53,2025-03-07 05:44:26.882738+00:00
1006,0,183290,602.0,0,2025-03-07 05:59:38.196674+00:00
781,1,184201,0.0,9,2025-03-07 06:14:47.518021+00:00
856,1,185111,75.0,0,2025-03-07 06:29:58.720076+00:00
931,0,186022,75.0,0,2025-03-07 06:45:08.296940+00:00
780,1,187899,0.0,9,2025-03-07 07:16:26.638963+00:00
554,2,188810,0.0,35,2025-03-07 07:31:36.709579+00:00
330,3,189720,0.0,61,2025-03-07 07:46:47.171522+00:00
703,1,190630,373.0,18,2025-03-07 08:01:56.514497+00:00
703,1,191539,0.0,18,2025-03-07 08:17:05.889189+00:00
778,1,192449,75.0,9,2025-03-07 08:32:15.458564+00:00
853,1,193358,74.0,1,2025-03-07 08:47:24.861777+00:00
853,1,194268,0.0,1,2025-03-07 09:02:32.001873+00:00
1002,0,195175,149.0,0,2025-03-07 09:17:42.737428+00:00
927,0,196086,0.0,0,2025-03-07 09:32:51.987212+00:00
481,2,196995,0.0,44,2025-03-07 09:48:01.497076+00:00
1002,0,197905,520.0,0,2025-03-07 10:03:10.712686+00:00
783,1,198814,0.0,9,2025-03-07 10:18:20.517021+00:00
509,2,199723,0.0,40,2025-03-07 10:33:29.678867+00:00
874,0,200633,365.0,0,2025-03-07 10:48:39.048308+00:00
799,1,201542,0.0,7,2025-03-07 11:03:48.431152+00:00
1000,0,202452,201.0,0,2025-03-07 11:18:58.322352+00:00
931,0,203361,0.0,0,2025-03-07 11:34:07.543715+00:00
664,1,204270,0.0,23,2025-03-07 11:49:16.675977+00:00
735,1,205180,71.0,14,2025-03-07 12:04:26.274384+00:00
936,0,208849,65.0,0,2025-03-07 13:05:36.329127+00:00
1002,0,209759,65.0,0,2025-03-07 13:20:45.691753+00:00
873,0,210669,0.0,0,2025-03-07 13:35:55.563114+00:00
937,0,211579,64.0,0,2025-03-07 13:51:04.592631+00:00
1002,0,212488,64.0,0,2025-03-07 14:06:13.827417+00:00
937,0,213397,0.0,0,2025-03-07 14:21:22.891567+00:00
1002,0,214306,64.0,0,2025-03-07 14:36:33.086327+00:00
873,0,215216,0.0,0,2025-03-07 14:51:42.158498+00:00
937,0,216125,64.0,0,2025-03-07 15:06:55.244830+00:00
1001,0,217038,64.0,0,2025-03-07 15:22:05.536636+00:00
1002,0,217949,0.0,0,2025-03-07 15:37:14.917556+00:00
937,0,218858,0.0,0,2025-03-07 15:52:24.345716+00:00
937,0,219767,0.0,0,2025-03-07 16:07:33.368402+00:00
1001,0,220676,64.0,0,2025-03-07 16:22:42.425749+00:00
1001,0,221585,0.0,0,2025-03-07 16:37:51.169555+00:00
1001,0,222494,0.0,0,2025-03-07 16:53:00.504077+00:00
937,0,223403,0.0,0,2025-03-07 17:08:10.530337+00:00
1001,0,224314,64.0,0,2025-03-07 17:23:19.696650+00:00
937,0,225223,0.0,0,2025-03-07 17:38:28.955837+00:00
1001,0,226134,64.0,0,2025-03-07 17:53:39.797560+00:00
1001,0,227043,0.0,0,2025-03-07 18:08:49.810376+00:00
1001,0,227953,0.0,0,2025-03-07 18:23:58.866347+00:00
1001,0,228862,0.0,0,2025-03-07 18:39:08.336523+00:00
1001,0,229771,0.0,0,2025-03-07 18:54:18.362964+00:00
1001,0,230681,0.0,0,2025-03-07 19:09:27.596833+00:00
1001,0,231591,0.0,0,2025-03-07 19:24:37.126166+00:00
873,0,232500,0.0,0,2025-03-07 19:39:50.132330+00:00
872,0,233413,0.0,0,2025-03-07 19:55:02.590376+00:00
937,0,234325,64.0,0,2025-03-07 20:10:11.763323+00:00
1001,0,235235,64.0,0,2025-03-07 20:25:22.108085+00:00
1001,0,236145,0.0,0,2025-03-07 20:40:32.007805+00:00
937,0,237055,0.0,0,2025-03-07 20:55:44.067201+00:00
1001,0,237967,64.0,0,2025-03-07 21:10:56.781348+00:00
1001,0,238880,0.0,0,2025-03-07 21:26:06.699786+00:00
937,0,239789,0.0,0,2025-03-07 21:41:16.977319+00:00
1001,0,240700,64.0,0,2025-03-07 21:56:26.816368+00:00
937,0,241610,0.0,0,2025-03-07 22:11:36.494797+00:00
1001,0,242519,64.0,0,2025-03-07 22:26:45.542314+00:00
1001,0,244348,64.0,0,2025-03-07 22:57:19.446614+00:00
998,0,245262,0.0,0,2025-03-07 23:12:29.592521+00:00
997,0,246173,0.0,0,2025-03-07 23:27:39.810878+00:00
997,0,247083,0.0,0,2025-03-07 23:42:49.682313+00:00
997,0,247993,0.0,0,2025-03-07 23:57:59.439029+00:00
997,0,248902,0.0,0,2025-03-08 00:13:11.177361+00:00
997,0,249814,0.0,0,2025-03-08 00:28:23.272364+00:00
933,0,250726,0.0,0,2025-03-08 00:43:35.670659+00:00
997,0,252578,0.0,0,2025-03-08 01:14:28.590693+00:00
998,0,253491,0.0,0,2025-03-08 01:29:38.030502+00:00
998,0,254401,0.0,0,2025-03-08 01:44:50.297251+00:00
998,0,255313,0.0,0,2025-03-08 02:00:02.626953+00:00
1001,0,257146,3.0,0,2025-03-08 02:30:33.936722+00:00
874,0,2,0.0,0,2025-03-08 02:33:55.232096+00:00
938,0,2,64.0,0,2025-03-08 02:34:10.650022+00:00
134,3,1,104.0,84,2025-03-08 03:12:29.798092+00:00
638,2,9,504.0,25,2025-03-08 03:12:37.849072+00:00
9,3,18,0.0,98,2025-03-08 03:12:46.326014+00:00
1003,0,25,994.0,0,2025-03-08 03:12:53.991055+00:00
1003,0,33,0.0,0,2025-03-08 03:13:02.081928+00:00
1003,0,41,0.0,0,2025-03-08 03:13:09.944459+00:00
1003,0,49,0.0,0,2025-03-08 03:13:18.328592+00:00
1003,0,57,0.0,0,2025-03-08 03:13:26.157769+00:00
1003,0,65,0.0,0,2025-03-08 03:13:34.294082+00:00
1003,0,73,0.0,0,2025-03-08 03:13:42.005992+00:00
1003,0,81,0.0,0,2025-03-08 03:13:49.716601+00:00
408,3,88,0.0,52,2025-03-08 03:13:57.055328+00:00
458,2,96,50.0,46,2025-03-08 03:14:04.490178+00:00
818,1,104,360.0,5,2025-03-08 03:14:12.206070+00:00
20,3,111,0.0,97,2025-03-08 03:14:21.926882+00:00
45,3,120,24.0,94,2025-03-08 03:14:29.131252+00:00
439,2,128,393.0,49,2025-03-08 03:14:36.472408+00:00
820,1,135,381.0,4,2025-03-08 03:14:44.082733+00:00
1003,0,143,183.0,0,2025-03-08 03:14:52.123502+00:00
1003,0,151,0.0,0,2025-03-08 03:14:59.836057+00:00
1003,0,159,0.0,0,2025-03-08 03:15:07.525422+00:00
9,3,166,0.0,98,2025-03-08 03:15:14.590506+00:00
1003,0,174,994.0,0,2025-03-08 03:15:22.261389+00:00
1003,0,181,0.0,0,2025-03-08 03:15:29.937107+00:00
1003,0,189,0.0,0,2025-03-08 03:15:38.094637+00:00
1003,0,197,0.0,0,2025-03-08 03:15:45.827892+00:00
1003,0,205,0.0,0,2025-03-08 03:15:53.505762+00:00
1003,0,213,0.0,0,2025-03-08 03:16:01.180979+00:00
1003,0,220,0.0,0,2025-03-08 03:16:08.900200+00:00
1004,0,228,0.0,0,2025-03-08 03:16:16.666107+00:00
1004,0,236,0.0,0,2025-03-08 03:16:27.013758+00:00
1003,0,246,0.0,0,2025-03-08 03:16:34.935531+00:00
1004,0,254,0.0,0,2025-03-08 03:16:42.975362+00:00
476,2,262,0.0,44,2025-03-08 03:16:50.471293+00:00
808,1,269,332.0,6,2025-03-08 03:16:58.401611+00:00
552,2,277,0.0,35,2025-03-08 03:17:06.046466+00:00
360,3,285,0.0,58,2025-03-08 03:17:13.587726+00:00
1004,0,293,643.0,0,2025-03-08 03:17:21.402610+00:00
1004,0,301,0.0,0,2025-03-08 03:17:29.150016+00:00
377,3,308,0.0,56,2025-03-08 03:17:38.366102+00:00
9,3,317,0.0,98,2025-03-08 03:17:45.407488+00:00
10,3,324,0.0,98,2025-03-08 03:17:52.476051+00:00
12,3,331,1.0,98,2025-03-08 03:18:01.195531+00:00
8,3,340,0.0,98,2025-03-08 03:18:08.412316+00:00
1004,0,348,995.0,0,2025-03-08 03:18:19.578642+00:00
1004,0,359,0.0,0,2025-03-08 03:18:27.650410+00:00
1003,0,367,0.0,0,2025-03-08 03:18:35.394482+00:00
105,3,374,0.0,87,2025-03-08 03:18:42.580097+00:00
1004,0,382,898.0,0,2025-03-08 03:18:50.362347+00:00
27,3,389,0.0,96,2025-03-08 03:18:57.626888+00:00
1004,0,397,976.0,0,2025-03-08 03:19:05.401075+00:00
1004,0,404,0.0,0,2025-03-08 03:19:13.062790+00:00
1004,0,412,0.0,0,2025-03-08 03:19:22.897405+00:00
1004,0,422,0.0,0,2025-03-08 03:19:32.214357+00:00
1004,0,431,0.0,0,2025-03-08 03:19:40.027549+00:00
602,2,439,0.0,30,2025-03-08 03:19:47.591073+00:00
205,3,446,0.0,76,2025-03-08 03:19:54.869301+00:00
804,1,454,599.0,6,2025-03-08 03:20:03.372313+00:00
1003,0,462,199.0,0,2025-03-08 03:20:11.074646+00:00
1004,0,470,0.0,0,2025-03-08 03:20:18.822775+00:00
119,3,477,0.0,86,2025-03-08 03:20:26.217087+00:00
22,3,485,0.0,97,2025-03-08 03:20:33.511725+00:00
22,3,492,0.0,97,2025-03-08 03:20:40.749028+00:00
1004,0,500,981.0,0,2025-03-08 03:20:48.429611+00:00
1004,0,508,0.0,0,2025-03-08 03:20:57.846808+00:00
1004,0,517,0.0,0,2025-03-08 03:21:05.633813+00:00
1004,0,525,0.0,0,2025-03-08 03:21:13.654323+00:00
1004,0,533,0.0,0,2025-03-08 03:21:21.399718+00:00
16,3,540,0.0,98,2025-03-08 03:21:28.653974+00:00
105,3,547,88.0,87,2025-03-08 03:21:35.843539+00:00
208,3,555,103.0,75,2025-03-08 03:21:43.574404+00:00
6,3,562,0.0,99,2025-03-08 03:21:51.918224+00:00
1004,0,571,997.0,0,2025-03-08 03:21:59.710033+00:00
1004,0,579,0.0,0,2025-03-08 03:22:08.294989+00:00
1004,0,587,0.0,0,2025-03-08 03:22:17.358833+00:00
15,3,596,0.0,98,2025-03-08 03:22:24.562810+00:00
14,3,603,0.0,98,2025-03-08 03:22:31.633949+00:00
710,1,611,696.0,17,2025-03-08 03:22:43.196654+00:00
604,2,622,0.0,29,2025-03-08 03:22:52.597797+00:00
1004,0,632,399.0,0,2025-03-08 03:23:00.413487+00:00
1004,0,639,0.0,0,2025-03-08 03:23:08.295517+00:00
1003,0,647,0.0,0,2025-03-08 03:23:17.471736+00:00
9,3,656,0.0,98,2025-03-08 03:23:24.590759+00:00
607,2,664,598.0,29,2025-03-08 03:23:32.178393+00:00
610,2,671,3.0,29,2025-03-08 03:23:39.745317+00:00
231,3,678,0.0,73,2025-03-08 03:23:47.223104+00:00
107,3,686,0.0,87,2025-03-08 03:23:54.448159+00:00
107,3,693,0.0,87,2025-03-08 03:24:02.002644+00:00
711,1,701,603.0,17,2025-03-08 03:24:13.351218+00:00
1003,0,712,292.0,0,2025-03-08 03:24:21.125648+00:00
1003,0,720,0.0,0,2025-03-08 03:24:33.682888+00:00
27,3,732,0.0,96,2025-03-08 03:24:40.846097+00:00
346,3,740,318.0,59,2025-03-08 03:24:48.391903+00:00
7,3,747,0.0,99,2025-03-08 03:24:55.503934+00:00
938,0,755,930.0,0,2025-03-08 03:25:05.510371+00:00
606,2,764,0.0,29,2025-03-08 03:25:13.007933+00:00
12,3,771,0.0,98,2025-03-08 03:25:20.209049+00:00
1003,0,779,990.0,0,2025-03-08 03:25:28.493534+00:00
1003,0,788,0.0,0,2025-03-08 03:25:36.185307+00:00
1003,0,795,0.0,0,2025-03-08 03:25:45.275391+00:00
1003,0,804,0.0,0,2025-03-08 03:25:54.343831+00:00
913,0,813,0.0,0,2025-03-08 03:26:03.285430+00:00
839,1,822,0.0,2,2025-03-08 03:26:11.392315+00:00
88,3,830,0.0,89,2025-03-08 03:26:18.751949+00:00
665,1,838,576.0,22,2025-03-08 03:26:26.325887+00:00
828,1,845,163.0,3,2025-03-08 03:26:35.129637+00:00
830,1,854,1.0,3,2025-03-08 03:26:44.865174+00:00
347,3,864,0.0,59,2025-03-08 03:26:55.556359+00:00
7,3,874,0.0,99,2025-03-08 03:27:05.284366+00:00
9,3,884,1.0,98,2025-03-08 03:27:15.201391+00:00
809,1,894,800.0,6,2025-03-08 03:27:25.420500+00:00
804,1,904,0.0,6,2025-03-08 03:27:32.994682+00:00
1004,0,912,199.0,0,2025-03-08 03:27:42.082435+00:00
1003,0,921,0.0,0,2025-03-08 03:27:49.801210+00:00
1003,0,929,0.0,0,2025-03-08 03:27:57.822500+00:00
1003,0,937,0.0,0,2025-03-08 03:28:05.569431+00:00
1003,0,945,0.0,0,2025-03-08 03:28:13.369523+00:00
1001,0,953,0.0,0,2025-03-08 03:28:22.555442+00:00
1002,0,962,0.0,0,2025-03-08 03:28:30.909317+00:00
9,3,969,0.0,98,2025-03-08 03:28:40.177329+00:00
4,3,979,0.0,99,2025-03-08 03:28:47.231315+00:00
204,3,986,199.0,76,2025-03-08 03:28:54.500857+00:00
1004,0,994,799.0,0,2025-03-08 03:29:02.209683+00:00
911,0,1001,0.0,0,2025-03-08 03:29:11.212118+00:00
8,3,1010,0.0,99,2025-03-08 03:29:18.330388+00:00
8,3,1017,0.0,99,2025-03-08 03:29:25.534320+00:00
14,3,1024,5.0,98,2025-03-08 03:29:32.703613+00:00
14,3,1031,0.0,98,2025-03-08 03:29:42.473787+00:00
215,3,1041,201.0,74,2025-03-08 03:29:49.803060+00:00
1004,0,1049,788.0,0,2025-03-08 03:29:57.821267+00:00
1004,0,1057,0.0,0,2025-03-08 03:30:05.591736+00:00
1003,0,1065,0.0,0,2025-03-08 03:30:13.567494+00:00
140,3,1072,0.0,83,2025-03-08 03:30:20.755837+00:00
454,2,1080,313.0,47,2025-03-08 03:30:28.264027+00:00
747,1,1087,293.0,13,2025-03-08 03:30:36.525927+00:00
1003,0,1096,256.0,0,2025-03-08 03:30:44.944208+00:00
1004,0,1104,0.0,0,2025-03-08 03:30:54.417721+00:00
1004,0,1113,0.0,0,2025-03-08 03:31:02.187310+00:00
1004,0,1121,0.0,0,2025-03-08 03:31:13.877867+00:00
1004,0,1133,0.0,0,2025-03-08 03:31:23.758492+00:00
1004,0,1143,0.0,0,2025-03-08 03:31:33.995814+00:00
824,1,1153,0.0,4,2025-03-08 03:31:44.275320+00:00
125,3,1163,0.0,85,2025-03-08 03:31:52.902390+00:00
17,3,1171,0.0,97,2025-03-08 03:32:00.082413+00:00
351,3,1179,334.0,59,2025-03-08 03:32:07.419776+00:00
254,3,1186,0.0,70,2025-03-08 03:32:17.039213+00:00
39,3,1196,0.0,95,2025-03-08 03:32:24.465796+00:00
774,1,1203,735.0,10,2025-03-08 03:32:32.089143+00:00
1004,0,1211,229.0,0,2025-03-08 03:32:40.081583+00:00
1004,0,1219,0.0,0,2025-03-08 03:32:49.134116+00:00
1004,0,1228,0.0,0,2025-03-08 03:32:56.920512+00:00
810,1,1236,0.0,6,2025-03-08 03:33:06.956477+00:00
531,2,1246,0.0,38,2025-03-08 03:33:14.769027+00:00
638,2,1254,107.0,26,2025-03-08 03:33:22.432590+00:00
45,3,1261,0.0,94,2025-03-08 03:33:29.983827+00:00
348,3,1269,303.0,59,2025-03-08 03:33:37.578326+00:00
165,3,1276,0.0,80,2025-03-08 03:33:44.802416+00:00
315,3,1283,150.0,63,2025-03-08 03:33:52.082060+00:00
188,3,1291,0.0,78,2025-03-08 03:34:01.050628+00:00
1002,0,1300,814.0,0,2025-03-08 03:34:08.922735+00:00
1002,0,1308,0.0,0,2025-03-08 03:34:18.656370+00:00
148,3,1317,0.0,82,2025-03-08 03:34:25.896151+00:00
1002,0,1325,853.0,0,2025-03-08 03:34:34.117815+00:00
1003,0,1333,0.0,0,2025-03-08 03:34:42.317801+00:00
16,3,1341,0.0,98,2025-03-08 03:34:49.706680+00:00
214,3,1348,198.0,75,2025-03-08 03:34:57.366744+00:00
17,3,1356,0.0,97,2025-03-08 03:35:04.702648+00:00
12,3,1363,0.0,98,2025-03-08 03:35:12.711224+00:00
15,3,1371,2.0,98,2025-03-08 03:35:21.433108+00:00
17,3,1380,2.0,97,2025-03-08 03:35:31.126066+00:00
17,3,1390,0.0,98,2025-03-08 03:35:38.433222+00:00
15,3,1397,0.0,98,2025-03-08 03:35:45.632966+00:00
67,3,1404,52.0,92,2025-03-08 03:35:52.799306+00:00
67,3,1411,0.0,92,2025-03-08 03:36:02.605427+00:00
254,3,1421,186.0,70,2025-03-08 03:36:11.580606+00:00
253,3,1430,0.0,70,2025-03-08 03:36:21.207111+00:00
555,2,1440,301.0,35,2025-03-08 03:36:28.792374+00:00
830,1,1448,274.0,3,2025-03-08 03:36:39.204033+00:00
944,0,1458,114.0,0,2025-03-08 03:36:47.334439+00:00
1003,0,1466,58.0,0,2025-03-08 03:36:55.606390+00:00
1003,0,1475,0.0,0,2025-03-08 03:37:03.597902+00:00
99,3,1482,0.0,88,2025-03-08 03:37:11.331495+00:00
362,3,1490,263.0,57,2025-03-08 03:37:18.970382+00:00
456,2,1498,93.0,47,2025-03-08 03:37:27.174685+00:00
7,3,1,0.0,99,2025-03-08 05:54:15.923854+00:00
273,3,10,266.0,68,2025-03-08 05:54:26.508667+00:00
1004,0,21,730.0,0,2025-03-08 05:54:35.880610+00:00
1004,0,30,0.0,0,2025-03-08 05:54:43.589664+00:00
825,1,38,0.0,4,2025-03-08 05:54:51.258348+00:00
1004,0,45,179.0,0,2025-03-08 05:54:59.080596+00:00
1004,0,53,0.0,0,2025-03-08 05:55:06.799565+00:00
1004,0,61,0.0,0,2025-03-08 05:55:17.624625+00:00
1004,0,72,0.0,0,2025-03-08 05:55:25.966266+00:00
1004,0,80,0.0,0,2025-03-08 05:55:33.710835+00:00
1004,0,88,0.0,0,2025-03-08 05:55:41.417597+00:00
1004,0,96,0.0,0,2025-03-08 05:55:49.103094+00:00
1004,0,103,0.0,0,2025-03-08 05:55:58.264005+00:00
1004,0,112,0.0,0,2025-03-08 05:56:07.665540+00:00
1004,0,122,0.0,0,2025-03-08 05:56:15.460260+00:00
1005,0,130,0.0,0,2025-03-08 05:56:23.195806+00:00
805,1,137,0.0,6,2025-03-08 05:56:32.214646+00:00
825,1,146,20.0,4,2025-03-08 05:56:40.157492+00:00
125,3,154,0.0,85,2025-03-08 05:56:47.716343+00:00
6,3,161,0.0,99,2025-03-08 05:56:56.533898+00:00
105,3,170,99.0,87,2025-03-08 05:57:03.785866+00:00
705,1,178,599.0,18,2025-03-08 05:57:13.847011+00:00
916,0,188,210.0,0,2025-03-08 05:57:21.697419+00:00
1005,0,196,89.0,0,2025-03-08 05:57:29.968922+00:00
1005,0,204,0.0,0,2025-03-08 05:57:37.658935+00:00
914,0,212,0.0,0,2025-03-08 05:57:45.960477+00:00
822,1,220,0.0,4,2025-03-08 05:57:53.637775+00:00
914,0,228,91.0,0,2025-03-08 05:58:01.807688+00:00
640,2,236,0.0,25,2025-03-08 05:58:09.288133+00:00
184,3,243,0.0,78,2025-03-08 05:58:17.932475+00:00
815,1,252,631.0,5,2025-03-08 05:58:26.709845+00:00
804,1,261,0.0,6,2025-03-08 05:58:34.529650+00:00
1003,0,269,199.0,0,2025-03-08 05:58:42.286158+00:00
1004,0,276,0.0,0,2025-03-08 05:58:50.037332+00:00
823,1,284,0.0,4,2025-03-08 05:58:57.611637+00:00
1004,0,292,180.0,0,2025-03-08 05:59:05.833372+00:00
420,3,300,0.0,51,2025-03-08 05:59:13.331783+00:00
1007,0,2,0.0,0,2025-03-08 06:06:38.200031+00:00
1007,0,12,0.0,0,2025-03-08 06:06:45.912313+00:00
1007,0,20,0.0,0,2025-03-08 06:06:54.238313+00:00
1007,0,28,0.0,0,2025-03-08 06:07:02.348196+00:00
1007,0,36,0.0,0,2025-03-08 06:07:13.030949+00:00
0,3,1,0.0,100,2025-03-08 06:08:25.383896+00:00
0,3,11,0.0,100,2025-03-08 06:08:33.113426+00:00
0,3,18,0.0,100,2025-03-08 06:08:45.148164+00:00
35,3,30,35.0,95,2025-03-08 06:08:53.320942+00:00
0,3,60,0.0,100,2025-03-08 06:09:23.305730+00:00
0,3,68,0.0,100,2025-03-08 06:09:33.055607+00:00
0,3,78,0.0,100,2025-03-08 06:09:40.946156+00:00
0,3,86,0.0,100,2025-03-08 06:09:49.675362+00:00
35,3,95,35.0,95,2025-03-08 06:09:57.331338+00:00
35,3,103,0.0,95,2025-03-08 06:10:04.924533+00:00
0,3,110,0.0,100,2025-03-08 06:10:14.335174+00:00
0,3,120,0.0,100,2025-03-08 06:10:23.741498+00:00
34,3,129,34.0,95,2025-03-08 06:10:31.830463+00:00
0,3,137,0.0,100,2025-03-08 06:10:40.948321+00:00
0,3,146,0.0,100,2025-03-08 06:10:48.763526+00:00
0,3,154,0.0,100,2025-03-08 06:10:58.411273+00:00
69,3,164,69.0,91,2025-03-08 06:11:08.916686+00:00
7,3,174,0.0,99,2025-03-08 06:11:16.767045+00:00
9,3,182,1.0,98,2025-03-08 06:11:26.419934+00:00
10,3,191,1.0,98,2025-03-08 06:11:34.312220+00:00
20,3,199,9.0,97,2025-03-08 06:11:43.924833+00:00
16,3,209,0.0,98,2025-03-08 06:11:54.202049+00:00
9,3,219,0.0,98,2025-03-08 06:12:01.680148+00:00
36,3,227,26.0,95,2025-03-08 06:12:10.962118+00:00
49,3,236,13.0,94,2025-03-08 06:12:18.444672+00:00
46,3,243,0.0,94,2025-03-08 06:12:26.154491+00:00
102,3,251,56.0,88,2025-03-08 06:12:35.244861+00:00
101,3,260,0.0,88,2025-03-08 06:12:44.577189+00:00
114,3,269,12.0,86,2025-03-08 06:12:52.127105+00:00
0,3,277,0.0,100,2025-03-08 06:13:02.551454+00:00
0,3,288,0.0,100,2025-03-08 06:13:09.958740+00:00
0,3,295,0.0,100,2025-03-08 06:13:17.654496+00:00
34,3,303,34.0,95,2025-03-08 06:13:27.747373+00:00
35,3,313,0.0,95,2025-03-08 06:13:37.852121+00:00
35,3,323,0.0,95,2025-03-08 06:13:45.327152+00:00
0,3,330,0.0,100,2025-03-08 06:13:54.655142+00:00
0,3,340,0.0,100,2025-03-08 06:14:02.477502+00:00
0,3,348,0.0,100,2025-03-08 06:14:11.372941+00:00
34,3,357,34.0,95,2025-03-08 06:14:18.940548+00:00
35,3,364,0.0,95,2025-03-08 06:14:28.924910+00:00
0,3,374,0.0,100,2025-03-08 06:14:36.459822+00:00
0,3,382,0.0,100,2025-03-08 06:14:45.739395+00:00
69,3,391,69.0,91,2025-03-08 06:14:56.099512+00:00
0,3,401,0.0,100,2025-03-08 06:15:03.581067+00:00
0,3,409,0.0,100,2025-03-08 06:15:11.473135+00:00
0,3,417,0.0,100,2025-03-08 06:15:18.952933+00:00
41,3,424,41.0,95,2025-03-08 06:15:26.362935+00:00
0,3,432,0.0,100,2025-03-08 06:15:34.023869+00:00
0,3,439,0.0,100,2025-03-08 06:15:41.911463+00:00
6,3,447,6.0,99,2025-03-08 06:15:50.884983+00:00
10,3,456,3.0,98,2025-03-08 06:15:59.776618+00:00
17,3,1,17.0,97,2025-03-08 06:21:09.081001+00:00
35,3,1,35.0,95,2025-03-08 06:21:21.403965+00:00
0,3,10,0.0,100,2025-03-08 06:21:31.296799+00:00
17,3,20,17.0,97,2025-03-08 06:21:39.086176+00:00
36,3,28,19.0,95,2025-03-08 06:21:46.538660+00:00
0,3,36,0.0,100,2025-03-08 06:21:54.171375+00:00
52,3,43,52.0,93,2025-03-08 06:22:01.741741+00:00
11,3,1,0.0,98,2025-03-08 06:22:27.736293+00:00
0,3,11,0.0,100,2025-03-08 06:22:36.985143+00:00
6,3,20,6.0,99,2025-03-08 06:22:44.372458+00:00
6,3,28,0.0,99,2025-03-08 06:22:52.780331+00:00
2,3,36,0.0,99,2025-03-08 06:23:01.454815+00:00
22,3,45,19.0,97,2025-03-08 06:23:09.151522+00:00
0,3,53,0.0,100,2025-03-08 06:23:19.718282+00:00
0,3,63,0.0,100,2025-03-08 06:23:27.584618+00:00
0,3,71,0.0,100,2025-03-08 06:23:35.296517+00:00
0,3,79,0.0,100,2025-03-08 06:23:43.064342+00:00
22,3,87,22.0,97,2025-03-08 06:23:50.674155+00:00
0,3,94,0.0,100,2025-03-08 06:23:58.465005+00:00
22,3,102,22.0,97,2025-03-08 06:24:09.615991+00:00
22,3,113,0.0,97,2025-03-08 06:24:19.297281+00:00
0,3,123,0.0,100,2025-03-08 06:24:27.340323+00:00
22,3,131,22.0,97,2025-03-08 06:24:35.104616+00:00
0,3,139,0.0,100,2025-03-08 06:24:42.904923+00:00
0,3,147,0.0,100,2025-03-08 06:24:51.034320+00:00
0,3,155,0.0,100,2025-03-08 06:24:58.791103+00:00
0,3,162,0.0,100,2025-03-08 06:25:06.411620+00:00
22,3,170,22.0,97,2025-03-08 06:25:16.460582+00:00
22,3,180,0.0,97,2025-03-08 06:25:24.219698+00:00
22,3,188,0.0,97,2025-03-08 06:25:32.511493+00:00
22,3,196,0.0,97,2025-03-08 06:25:40.324427+00:00
0,3,204,0.0,100,2025-03-08 06:25:48.196110+00:00
22,3,212,22.0,97,2025-03-08 06:25:55.953332+00:00
22,3,220,0.0,97,2025-03-08 06:26:03.719880+00:00
22,3,227,0.0,97,2025-03-08 06:26:11.594611+00:00
22,3,235,0.0,97,2025-03-08 06:26:19.444162+00:00
22,3,243,0.0,97,2025-03-08 06:26:27.209262+00:00
0,3,251,0.0,100,2025-03-08 06:26:34.893949+00:00
22,3,259,22.0,97,2025-03-08 06:26:44.212174+00:00
22,3,268,0.0,97,2025-03-08 06:26:52.889058+00:00
22,3,277,0.0,97,2025-03-08 06:27:02.232317+00:00
0,3,286,0.0,100,2025-03-08 06:27:10.034269+00:00
0,3,294,0.0,100,2025-03-08 06:27:17.836832+00:00
22,3,302,22.0,97,2025-03-08 06:27:25.900077+00:00
22,3,310,0.0,97,2025-03-08 06:27:37.732508+00:00
22,3,1,22.0,97,2025-03-08 06:28:16.270496+00:00
22,3,11,0.0,97,2025-03-08 06:28:24.584142+00:00
22,3,20,0.0,97,2025-03-08 06:28:35.356727+00:00
0,3,30,0.0,100,2025-03-08 06:28:44.446459+00:00
0,3,2,0.0,100,2025-03-08 06:29:14.115848+00:00
27,3,14,27.0,96,2025-03-08 06:29:27.094331+00:00
0,3,27,0.0,100,2025-03-08 06:29:40.824708+00:00
22,3,41,22.0,97,2025-03-08 06:29:54.074585+00:00
22,3,54,0.0,97,2025-03-08 06:30:08.336722+00:00
22,3,69,0.0,97,2025-03-08 06:30:23.866514+00:00
22,3,84,0.0,97,2025-03-08 06:30:37.815633+00:00
22,3,98,0.0,97,2025-03-08 06:30:51.508580+00:00
22,3,112,0.0,97,2025-03-08 06:31:06.100370+00:00
0,3,126,0.0,100,2025-03-08 06:31:18.810939+00:00
27,3,139,27.0,96,2025-03-08 06:31:32.556902+00:00
22,3,153,0.0,97,2025-03-08 06:31:48.935823+00:00
0,3,169,0.0,100,2025-03-08 06:32:04.727391+00:00
0,3,185,0.0,100,2025-03-08 06:32:17.624987+00:00
0,3,198,0.0,100,2025-03-08 06:32:33.149841+00:00
22,3,214,22.0,97,2025-03-08 06:32:46.456079+00:00
0,3,227,0.0,100,2025-03-08 06:33:08.844145+00:00
0,3,249,0.0,100,2025-03-08 06:33:23.241400+00:00
22,3,264,22.0,97,2025-03-08 06:33:37.138432+00:00
27,3,278,4.0,96,2025-03-08 06:33:49.817303+00:00
22,3,290,0.0,97,2025-03-08 06:34:04.768961+00:00
44,3,305,22.0,94,2025-03-08 06:34:17.773088+00:00
44,3,318,0.0,94,2025-03-08 06:34:31.115582+00:00
0,3,332,0.0,100,2025-03-08 06:34:47.004851+00:00
22,3,347,22.0,97,2025-03-08 06:35:01.248164+00:00
22,3,362,0.0,97,2025-03-08 06:35:14.167453+00:00
0,3,375,0.0,100,2025-03-08 06:35:28.291597+00:00
0,3,389,0.0,100,2025-03-08 06:35:41.281678+00:00
22,3,402,22.0,97,2025-03-08 06:35:55.849088+00:00
22,3,416,0.0,97,2025-03-08 06:36:09.855708+00:00
22,3,430,0.0,97,2025-03-08 06:36:25.160135+00:00
22,3,446,0.0,97,2025-03-08 06:36:38.224062+00:00
0,3,459,0.0,100,2025-03-08 06:36:52.907210+00:00
0,3,473,0.0,100,2025-03-08 06:37:05.675484+00:00
22,3,486,22.0,97,2025-03-08 06:37:19.907126+00:00
22,3,500,0.0,97,2025-03-08 06:37:32.763934+00:00
0,3,513,0.0,100,2025-03-08 06:37:47.704163+00:00
0,3,528,0.0,100,2025-03-08 06:38:03.407223+00:00
22,3,558,0.0,97,2025-03-08 06:38:31.969511+00:00
0,3,572,0.0,100,2025-03-08 06:38:47.725602+00:00
22,3,588,22.0,97,2025-03-08 06:39:01.832380+00:00
22,3,602,0.0,97,2025-03-08 06:39:16.300867+00:00
22,3,617,0.0,97,2025-03-08 06:39:29.861159+00:00
27,3,630,4.0,96,2025-03-08 06:39:43.723273+00:00
0,3,644,0.0,100,2025-03-08 06:39:57.596196+00:00
0,3,658,0.0,100,2025-03-08 06:40:11.532103+00:00
647,2,2,0.0,25,2025-03-08 06:40:41.826489+00:00
646,2,2,0.0,25,2025-03-08 06:40:50.984319+00:00
646,2,16,0.0,25,2025-03-08 06:41:04.301496+00:00
646,2,30,0.0,25,2025-03-08 06:41:18.328733+00:00
646,2,44,0.0,25,2025-03-08 06:41:31.864250+00:00
646,2,57,0.0,25,2025-03-08 06:41:45.582835+00:00
646,2,71,0.0,25,2025-03-08 06:41:59.061359+00:00
646,2,85,0.0,25,2025-03-08 06:42:12.273648+00:00
646,2,98,0.0,25,2025-03-08 06:42:27.195344+00:00
646,2,113,0.0,25,2025-03-08 06:42:42.129168+00:00
646,2,128,0.0,25,2025-03-08 06:42:55.731175+00:00
646,2,141,0.0,25,2025-03-08 06:43:10.481283+00:00
646,2,156,0.0,25,2025-03-08 06:43:24.081626+00:00
646,2,170,0.0,25,2025-03-08 06:43:37.625490+00:00
647,2,2,0.0,25,2025-03-08 06:44:14.557492+00:00
646,2,15,0.0,25,2025-03-08 06:44:28.327458+00:00
646,2,29,0.0,25,2025-03-08 06:44:41.537542+00:00
646,2,42,0.0,25,2025-03-08 06:44:55.401767+00:00
646,2,56,0.0,25,2025-03-08 06:45:08.958712+00:00
646,2,69,0.0,25,2025-03-08 06:45:22.860437+00:00
646,2,83,0.0,25,2025-03-08 06:45:36.651898+00:00
0,3,1,0.0,100,2025-03-08 06:46:09.538862+00:00
0,3,1,0.0,100,2025-03-08 06:46:17.287343+00:00
0,3,15,0.0,100,2025-03-08 06:46:30.803816+00:00
0,3,28,0.0,100,2025-03-08 06:46:43.985215+00:00
0,3,42,0.0,100,2025-03-08 06:46:57.655815+00:00
0,3,55,0.0,100,2025-03-08 06:47:11.252053+00:00
22,3,69,22.0,97,2025-03-08 06:47:24.924085+00:00
647,2,2,0.0,25,2025-03-08 06:47:54.212036+00:00
562,2,15,0.0,34,2025-03-08 06:48:07.896041+00:00
604,2,29,42.0,29,2025-03-08 06:48:21.655562+00:00
646,2,42,42.0,25,2025-03-08 06:48:34.830067+00:00
646,2,56,0.0,25,2025-03-08 06:48:48.480357+00:00
646,2,2,0.0,25,2025-03-08 06:54:46.776304+00:00
562,2,17,0.0,34,2025-03-08 06:55:01.136621+00:00
646,2,31,84.0,25,2025-03-08 06:55:14.051067+00:00
0,3,1,0.0,100,2025-03-08 06:55:40.553064+00:00
14,3,1,14.0,98,2025-03-08 06:55:47.810526+00:00
14,3,15,0.0,98,2025-03-08 06:56:04.170660+00:00
14,3,31,0.0,98,2025-03-08 06:56:17.097405+00:00
14,3,44,0.0,98,2025-03-08 06:56:32.846797+00:00
0,3,60,0.0,100,2025-03-08 06:56:46.078400+00:00
14,3,73,14.0,98,2025-03-08 06:56:59.249576+00:00
14,3,86,0.0,98,2025-03-08 06:57:11.974481+00:00
0,3,99,0.0,100,2025-03-08 06:57:24.788479+00:00
18,3,112,18.0,97,2025-03-08 06:57:38.002943+00:00
14,3,125,0.0,98,2025-03-08 06:57:52.231490+00:00
14,3,1,14.0,98,2025-03-08 07:03:24.363725+00:00
14,3,18,0.0,98,2025-03-08 07:03:37.091256+00:00
0,3,31,0.0,100,2025-03-08 07:03:51.932353+00:00
14,3,46,14.0,98,2025-03-08 07:04:04.633684+00:00
14,3,58,0.0,98,2025-03-08 07:04:20.872509+00:00
14,3,75,0.0,98,2025-03-08 07:04:33.509290+00:00
0,3,87,0.0,100,2025-03-08 07:04:48.940532+00:00
14,3,103,14.0,98,2025-03-08 07:05:01.635148+00:00
0,3,115,0.0,100,2025-03-08 07:05:15.682030+00:00
0,3,1,0.0,100,2025-03-08 07:05:30.402614+00:00
14,3,15,14.0,98,2025-03-08 07:05:43.424083+00:00
0,3,28,0.0,100,2025-03-08 07:05:56.698185+00:00
0,3,1,0.0,100,2025-03-08 07:06:33.678554+00:00
0,3,9,0.0,100,2025-03-08 07:06:41.087699+00:00
0,3,16,0.0,100,2025-03-08 07:06:52.014084+00:00
0,3,27,0.0,100,2025-03-08 07:06:59.431878+00:00
0,3,35,0.0,100,2025-03-08 07:07:07.468285+00:00
0,3,43,0.0,100,2025-03-08 07:07:16.442436+00:00
0,3,52,0.0,100,2025-03-08 07:07:23.874721+00:00
0,3,59,0.0,100,2025-03-08 07:07:33.245571+00:00
0,3,69,0.0,100,2025-03-08 07:07:42.856860+00:00
0,3,78,0.0,100,2025-03-08 07:07:50.156573+00:00
0,3,1,0.0,100,2025-03-08 07:12:01.018653+00:00
0,3,10,0.0,100,2025-03-08 07:12:08.665380+00:00
0,3,17,0.0,100,2025-03-08 07:12:17.267639+00:00
0,3,26,0.0,100,2025-03-08 07:12:27.575680+00:00
1007,0,2,0.0,0,2025-03-08 07:12:53.509815+00:00
1007,0,2,0.0,0,2025-03-08 07:14:35.758307+00:00
1007,0,12,0.0,0,2025-03-08 07:14:46.683115+00:00
1007,0,23,0.0,0,2025-03-08 07:14:54.709499+00:00
1007,0,31,0.0,0,2025-03-08 07:15:05.481712+00:00
1007,0,41,0.0,0,2025-03-08 07:15:15.179810+00:00
1007,0,52,0.0,0,2025-03-08 07:15:23.707138+00:00
1007,0,60,0.0,0,2025-03-08 07:15:31.696410+00:00
1007,0,68,0.0,0,2025-03-08 07:15:41.013598+00:00
1007,0,77,0.0,0,2025-03-08 07:15:51.725128+00:00
941,0,88,0.0,0,2025-03-08 07:16:01.413321+00:00
1007,0,97,0.0,0,2025-03-08 07:16:10.474796+00:00
941,0,106,0.0,0,2025-03-08 07:16:18.334946+00:00
1007,0,114,0.0,0,2025-03-08 07:16:26.444832+00:00
1007,0,122,0.0,0,2025-03-08 07:16:36.234761+00:00
22,3,1,22.0,97,2025-03-08 07:16:59.526715+00:00
22,3,16,0.0,97,2025-03-08 07:17:12.664418+00:00
22,3,29,0.0,97,2025-03-08 07:17:26.751766+00:00
45,3,43,22.0,94,2025-03-08 07:17:41.874323+00:00
22,3,58,0.0,97,2025-03-08 07:17:55.740961+00:00
22,3,72,0.0,97,2025-03-08 07:18:09.790696+00:00
22,3,86,0.0,97,2025-03-08 07:18:24.335834+00:00
50,3,100,27.0,94,2025-03-08 07:18:38.333228+00:00
22,3,114,0.0,97,2025-03-08 07:18:53.342073+00:00
22,3,129,0.0,97,2025-03-08 07:19:06.646305+00:00
22,3,143,0.0,97,2025-03-08 07:19:20.683113+00:00
22,3,157,0.0,97,2025-03-08 07:19:33.795911+00:00
22,3,170,0.0,97,2025-03-08 07:19:50.151666+00:00
0,3,1,0.0,100,2025-03-08 07:23:31.329438+00:00
0,3,1,0.0,100,2025-03-08 07:36:52.084499+00:00
45,3,911,45.0,94,2025-03-08 07:52:01.224172+00:00
22,3,1820,0.0,97,2025-03-08 08:07:13.088706+00:00
22,3,2732,0.0,97,2025-03-08 08:22:22.798857+00:00
22,3,5490,22.0,97,2025-03-08 09:08:20.990694+00:00
0,3,6400,0.0,100,2025-03-08 09:23:29.781367+00:00
0,3,7308,0.0,100,2025-03-08 09:38:38.665439+00:00
45,3,8217,45.0,94,2025-03-08 09:53:47.604094+00:00
68,3,9126,23.0,92,2025-03-08 10:08:56.913213+00:00
45,3,10035,0.0,94,2025-03-08 10:24:06.137462+00:00
46,3,10945,0.0,94,2025-03-08 10:39:15.340005+00:00
0,3,12774,0.0,100,2025-03-08 11:09:44.195971+00:00
46,3,13683,46.0,94,2025-03-08 11:24:51.219868+00:00
45,3,14590,0.0,94,2025-03-08 11:40:01.967455+00:00
0,3,15501,0.0,100,2025-03-08 11:55:14.055174+00:00
0,3,17333,0.0,100,2025-03-08 12:25:42.806406+00:00
69,3,18241,69.0,91,2025-03-08 12:40:53.248674+00:00
46,3,20072,0.0,94,2025-03-08 13:11:22.022048+00:00
0,3,20981,0.0,100,2025-03-08 13:26:30.915306+00:00
0,3,21889,0.0,100,2025-03-08 13:41:40.505213+00:00
0,3,23719,0.0,100,2025-03-08 14:12:11.244138+00:00
23,3,26470,23.0,97,2025-03-08 14:58:00.406439+00:00
23,3,27379,0.0,97,2025-03-08 15:13:09.539710+00:00
23,3,28288,0.0,97,2025-03-08 15:28:19.414262+00:00
23,3,29198,0.0,97,2025-03-08 15:43:28.297076+00:00
23,3,30107,0.0,97,2025-03-08 15:58:37.910148+00:00
23,3,31016,0.0,97,2025-03-08 16:13:46.816077+00:00
23,3,31925,0.0,97,2025-03-08 16:28:55.368738+00:00
0,3,32834,0.0,100,2025-03-08 16:44:04.403425+00:00
23,3,33743,23.0,97,2025-03-08 16:59:14.018255+00:00
23,3,34652,0.0,97,2025-03-08 17:14:22.862997+00:00
23,3,35561,0.0,97,2025-03-08 17:29:32.139138+00:00
0,3,2,0.0,100,2025-03-09 02:13:25.186325+00:00
45,3,914,45.0,94,2025-03-09 02:28:34.561866+00:00
0,3,1823,0.0,100,2025-03-09 02:43:43.800090+00:00
46,3,2732,46.0,94,2025-03-09 02:58:52.801038+00:00
45,3,3641,0.0,94,2025-03-09 03:14:03.026905+00:00
45,3,4551,0.0,94,2025-03-09 03:29:14.804825+00:00
45,3,5463,0.0,94,2025-03-09 03:44:24.448112+00:00
45,3,6373,0.0,94,2025-03-09 03:59:33.887989+00:00
45,3,7282,0.0,94,2025-03-09 04:14:42.548494+00:00
45,3,8191,0.0,94,2025-03-09 04:29:51.087572+00:00
45,3,9099,0.0,94,2025-03-09 04:45:00.518720+00:00
0,3,10009,0.0,100,2025-03-09 05:00:09.182336+00:00
45,3,10917,45.0,94,2025-03-09 05:15:18.299999+00:00
45,3,11827,0.0,94,2025-03-09 05:30:27.246972+00:00
0,3,12736,0.0,100,2025-03-09 05:45:36.693275+00:00
90,3,13645,90.0,89,2025-03-09 06:00:45.236035+00:00
0,3,14554,0.0,100,2025-03-09 06:15:54.083442+00:00
0,3,15462,0.0,100,2025-03-09 06:31:02.616414+00:00
0,3,16371,0.0,100,2025-03-09 06:46:11.362075+00:00
0,3,17280,0.0,100,2025-03-09 07:01:20.378288+00:00
68,3,18189,68.0,92,2025-03-09 07:16:29.073085+00:00
0,3,19097,0.0,100,2025-03-09 07:31:41.910414+00:00
0,3,20010,0.0,100,2025-03-09 07:46:53.739187+00:00
0,3,20922,0.0,100,2025-03-09 08:02:02.961898+00:00
0,3,21831,0.0,100,2025-03-09 08:17:11.762664+00:00
0,3,22740,0.0,100,2025-03-09 08:32:21.306861+00:00
0,3,23650,0.0,100,2025-03-09 08:47:30.088632+00:00
46,3,24558,46.0,94,2025-03-09 09:02:38.704773+00:00
69,3,25467,23.0,91,2025-03-09 09:17:47.493734+00:00
0,3,26376,0.0,100,2025-03-09 09:32:56.759627+00:00
0,3,27285,0.0,100,2025-03-09 09:48:06.771036+00:00
0,3,28195,0.0,100,2025-03-09 10:03:17.769051+00:00
0,3,29108,0.0,100,2025-03-09 10:18:28.767203+00:00
0,3,30017,0.0,100,2025-03-09 10:33:37.820291+00:00
0,3,30926,0.0,100,2025-03-09 10:48:47.120651+00:00
46,3,31835,46.0,94,2025-03-09 11:03:55.980971+00:00
0,3,32744,0.0,100,2025-03-09 11:19:05.215482+00:00
0,3,33653,0.0,100,2025-03-09 11:34:16.852316+00:00
0,3,34565,0.0,100,2025-03-09 11:49:25.829440+00:00
0,3,35474,0.0,100,2025-03-09 12:04:37.817043+00:00
23,3,36386,23.0,97,2025-03-09 12:19:47.389765+00:00
0,3,37296,0.0,100,2025-03-09 12:34:56.427528+00:00
0,3,38205,0.0,100,2025-03-09 12:50:05.648798+00:00
46,3,39114,46.0,94,2025-03-09 13:05:14.474890+00:00
0,3,40023,0.0,100,2025-03-09 13:20:24.056997+00:00
0,3,40932,0.0,100,2025-03-09 13:35:33.533002+00:00
0,3,41842,0.0,100,2025-03-09 13:50:42.884382+00:00
0,3,42751,0.0,100,2025-03-09 14:05:52.614878+00:00
0,3,43661,0.0,100,2025-03-09 14:21:02.439421+00:00
0,3,44571,0.0,100,2025-03-09 14:36:11.415393+00:00
23,3,45480,23.0,97,2025-03-09 14:51:20.892488+00:00
0,3,46389,0.0,100,2025-03-09 15:06:30.270341+00:00
46,3,47298,46.0,94,2025-03-09 15:21:42.049810+00:00
0,3,48210,0.0,100,2025-03-09 15:36:51.200634+00:00
0,3,49119,0.0,100,2025-03-09 15:52:01.435079+00:00
0,3,50030,0.0,100,2025-03-09 16:07:10.640919+00:00
0,3,50939,0.0,100,2025-03-09 16:22:20.357579+00:00
0,3,51848,0.0,100,2025-03-09 16:37:29.750902+00:00
0,3,52758,0.0,100,2025-03-09 16:52:38.658872+00:00
0,3,53667,0.0,100,2025-03-09 17:07:48.854271+00:00
0,3,54577,0.0,100,2025-03-09 17:22:58.536026+00:00
0,3,55487,0.0,100,2025-03-09 17:38:07.361697+00:00
0,3,56395,0.0,100,2025-03-09 17:53:18.191402+00:00
0,3,57306,0.0,100,2025-03-09 18:08:29.629793+00:00
0,3,58218,0.0,100,2025-03-09 18:23:39.232021+00:00
0,3,59127,0.0,100,2025-03-09 18:38:48.556993+00:00
0,3,60037,0.0,100,2025-03-09 18:53:58.095159+00:00
0,3,60946,0.0,100,2025-03-09 19:09:07.570157+00:00
23,3,61856,23.0,97,2025-03-09 19:24:17.464537+00:00
46,3,62765,23.0,94,2025-03-09 19:39:27.193913+00:00
0,3,63675,0.0,100,2025-03-09 19:54:36.203867+00:00
0,3,64584,0.0,100,2025-03-09 20:09:49.004341+00:00
0,3,1842,0.0,100,2025-03-10 02:42:11.213306+00:00
46,3,2758,46.0,94,2025-03-10 02:57:19.774732+00:00
45,3,3667,0.0,94,2025-03-10 03:12:28.901290+00:00
